user_id,age,gender,occupation,ratings,positive_ratings,negative_ratings,cluster_shc,group_clusters
1,24,M,technician,272,163.0,109.0,12,5
2,53,F,other,62,40.0,22.0,3,2
3,23,M,writer,54,15.0,39.0,23,7
4,24,M,technician,24,19.0,5.0,23,7
5,33,F,other,175,58.0,117.0,8,3
6,42,M,executive,211,134.0,77.0,12,5
7,57,M,administrator,403,274.0,129.0,13,5
8,36,M,administrator,59,40.0,19.0,22,7
9,29,M,student,22,20.0,2.0,15,6
10,53,M,lawyer,184,168.0,16.0,12,5
11,39,F,other,181,86.0,95.0,8,3
12,28,F,other,51,47.0,4.0,3,2
13,47,M,educator,636,269.0,367.0,13,5
14,45,M,scientist,98,75.0,23.0,23,7
15,49,F,educator,104,39.0,65.0,5,2
16,21,M,entertainment,140,116.0,24.0,10,4
17,30,M,programmer,28,12.0,16.0,20,7
18,35,F,other,277,171.0,106.0,8,3
19,40,M,librarian,20,11.0,9.0,23,7
20,42,F,homemaker,48,20.0,28.0,6,2
21,26,M,writer,179,48.0,131.0,23,7
22,25,M,writer,128,74.0,54.0,23,7
23,30,F,artist,151,89.0,62.0,8,3
24,21,F,artist,68,55.0,13.0,6,2
25,39,M,engineer,78,67.0,11.0,19,7
26,49,M,engineer,107,23.0,84.0,19,7
27,40,F,librarian,25,9.0,16.0,6,2
28,32,M,writer,79,50.0,29.0,23,7
29,41,M,programmer,34,23.0,11.0,20,7
30,7,M,student,43,29.0,14.0,15,6
31,24,M,artist,36,26.0,10.0,23,7
32,28,F,student,41,18.0,23.0,1,1
33,23,M,student,24,16.0,8.0,15,6
34,38,F,administrator,20,16.0,4.0,4,2
35,20,F,homemaker,25,8.0,17.0,6,2
36,19,F,student,20,13.0,7.0,1,1
37,23,M,student,57,35.0,22.0,15,6
38,28,F,other,121,74.0,47.0,3,2
39,41,M,entertainment,22,14.0,8.0,21,7
40,38,M,scientist,35,11.0,24.0,23,7
41,33,M,engineer,52,36.0,16.0,19,7
42,30,M,administrator,183,115.0,68.0,10,4
43,29,F,librarian,221,145.0,76.0,8,3
44,26,M,technician,151,99.0,52.0,10,4
45,29,M,programmer,48,27.0,21.0,20,7
46,27,F,marketing,27,21.0,6.0,6,2
47,53,M,marketing,25,15.0,10.0,21,7
48,45,M,administrator,66,42.0,24.0,22,7
49,23,F,student,215,57.0,158.0,2,1
50,21,M,writer,24,14.0,10.0,23,7
51,28,M,educator,23,12.0,11.0,16,8
52,18,F,student,56,49.0,7.0,1,1
53,26,M,programmer,28,20.0,8.0,20,7
54,22,M,executive,65,42.0,23.0,23,7
55,37,M,programmer,21,10.0,11.0,20,7
56,25,M,librarian,187,114.0,73.0,23,7
57,16,M,none,106,51.0,55.0,23,7
58,27,M,programmer,154,109.0,45.0,20,7
59,49,M,educator,382,280.0,102.0,12,5
60,50,M,healthcare,208,179.0,29.0,12,5
61,36,M,engineer,21,7.0,14.0,19,7
62,27,F,administrator,232,114.0,118.0,4,3
63,31,M,marketing,93,31.0,62.0,23,7
64,32,M,educator,200,121.0,79.0,16,8
65,51,F,educator,80,60.0,20.0,5,2
66,23,M,student,38,20.0,18.0,15,6
67,17,M,student,30,19.0,11.0,15,6
68,19,M,student,34,15.0,19.0,15,6
69,24,M,engineer,65,39.0,26.0,19,7
70,27,M,engineer,131,66.0,65.0,18,7
71,39,M,scientist,38,24.0,14.0,23,7
72,48,F,administrator,137,103.0,34.0,4,2
73,24,M,student,66,43.0,23.0,15,6
74,39,M,scientist,39,22.0,17.0,23,7
75,24,M,entertainment,79,40.0,39.0,23,7
76,20,M,student,82,43.0,39.0,15,6
77,30,M,technician,72,38.0,34.0,23,7
78,26,M,administrator,21,11.0,10.0,22,7
79,39,F,administrator,55,38.0,17.0,4,2
80,34,F,administrator,29,17.0,12.0,4,2
81,21,M,student,58,26.0,32.0,15,6
82,50,M,programmer,168,72.0,96.0,10,4
83,40,M,other,155,89.0,66.0,9,4
84,32,M,executive,68,47.0,21.0,23,7
85,51,M,educator,288,156.0,132.0,12,5
86,26,M,administrator,23,11.0,12.0,22,7
87,47,M,administrator,211,130.0,81.0,10,4
88,49,F,librarian,21,14.0,7.0,6,2
89,43,F,administrator,76,53.0,23.0,4,2
90,60,M,educator,300,240.0,60.0,12,5
91,55,M,marketing,98,72.0,26.0,21,7
92,32,M,entertainment,388,161.0,227.0,13,5
93,48,M,executive,20,11.0,9.0,23,7
94,26,M,student,400,242.0,158.0,11,5
95,31,M,administrator,278,143.0,135.0,10,4
96,25,F,artist,56,48.0,8.0,6,2
97,43,M,artist,63,48.0,15.0,23,7
98,49,F,executive,27,13.0,14.0,6,2
99,20,M,student,136,78.0,58.0,14,6
100,36,M,executive,59,22.0,37.0,23,7
101,15,M,student,67,17.0,50.0,15,6
102,38,M,programmer,216,23.0,193.0,10,4
103,26,M,student,29,16.0,13.0,15,6
104,27,M,student,111,26.0,85.0,15,6
105,24,M,engineer,23,11.0,12.0,19,7
106,61,M,retired,64,43.0,21.0,21,7
107,39,M,scientist,22,8.0,14.0,23,7
108,44,M,educator,33,16.0,17.0,16,8
109,29,M,other,234,115.0,119.0,9,4
110,19,M,student,133,41.0,92.0,14,6
111,57,M,engineer,24,14.0,10.0,19,7
112,30,M,salesman,46,31.0,15.0,23,7
113,47,M,executive,51,28.0,23.0,23,7
114,27,M,programmer,48,23.0,25.0,20,7
115,31,M,engineer,92,62.0,30.0,19,7
116,40,M,healthcare,143,41.0,102.0,10,4
117,20,M,student,86,57.0,29.0,15,6
118,21,M,administrator,71,66.0,5.0,22,7
119,32,M,programmer,181,134.0,47.0,10,4
120,47,F,other,26,16.0,10.0,3,2
121,54,M,librarian,74,44.0,30.0,23,7
122,32,F,writer,61,45.0,16.0,6,2
123,48,F,artist,54,36.0,18.0,6,2
124,34,M,student,24,12.0,12.0,15,6
125,30,M,lawyer,182,86.0,96.0,10,4
126,28,F,lawyer,45,23.0,22.0,6,2
127,33,M,none,23,19.0,4.0,23,7
128,24,F,marketing,184,110.0,74.0,8,3
129,36,F,marketing,30,7.0,23.0,6,2
130,20,M,none,353,257.0,96.0,13,5
131,59,F,administrator,30,23.0,7.0,4,2
132,24,M,other,22,14.0,8.0,17,8
133,53,M,engineer,26,10.0,16.0,19,7
134,31,M,programmer,25,15.0,10.0,20,7
135,23,M,student,55,28.0,27.0,15,6
136,51,M,other,35,32.0,3.0,17,8
137,50,M,educator,47,38.0,9.0,16,8
138,46,M,doctor,51,47.0,4.0,21,7
139,20,M,student,24,18.0,6.0,15,6
140,30,F,student,21,9.0,12.0,1,1
141,49,M,programmer,107,63.0,44.0,20,7
142,13,M,other,33,20.0,13.0,17,8
143,42,M,technician,20,13.0,7.0,21,7
144,53,M,programmer,206,140.0,66.0,10,4
145,31,M,entertainment,316,155.0,161.0,12,5
146,45,M,artist,29,18.0,11.0,23,7
147,40,F,librarian,20,17.0,3.0,6,2
148,33,M,engineer,65,49.0,16.0,19,7
149,35,F,marketing,36,11.0,25.0,6,2
150,20,F,artist,32,26.0,6.0,6,2
151,38,F,administrator,307,226.0,81.0,8,3
152,33,F,educator,106,88.0,18.0,5,2
153,25,M,student,23,8.0,15.0,15,6
154,25,M,student,51,36.0,15.0,15,6
155,32,F,other,22,3.0,19.0,3,2
156,25,M,educator,37,23.0,14.0,16,8
157,57,M,engineer,51,31.0,20.0,19,7
158,50,M,educator,173,112.0,61.0,16,8
159,23,F,student,107,55.0,52.0,2,1
160,27,M,programmer,120,88.0,32.0,20,7
161,50,M,lawyer,58,10.0,48.0,21,7
162,25,M,artist,42,25.0,17.0,23,7
163,49,M,administrator,23,10.0,13.0,22,7
164,47,M,healthcare,63,50.0,13.0,10,4
165,20,F,other,30,21.0,9.0,3,2
166,47,M,educator,20,11.0,9.0,16,8
167,37,M,other,69,40.0,29.0,17,8
168,48,M,other,69,36.0,33.0,17,8
169,52,F,other,37,24.0,13.0,3,2
170,53,F,healthcare,22,10.0,12.0,6,2
171,48,F,educator,28,15.0,13.0,5,2
172,55,M,marketing,27,9.0,18.0,21,7
173,56,M,other,43,37.0,6.0,17,8
174,30,F,administrator,177,111.0,66.0,4,2
175,26,F,scientist,38,24.0,14.0,6,2
176,28,M,scientist,63,39.0,24.0,23,7
177,20,M,programmer,115,71.0,44.0,20,7
178,26,M,other,273,178.0,95.0,9,4
179,15,M,entertainment,42,20.0,22.0,23,7
180,22,F,administrator,63,43.0,20.0,4,2
181,26,M,executive,435,20.0,415.0,13,5
182,36,M,programmer,28,16.0,12.0,20,7
183,33,M,scientist,53,20.0,33.0,23,7
184,37,M,librarian,251,146.0,105.0,12,5
185,53,F,librarian,48,42.0,6.0,6,2
186,39,F,executive,92,48.0,44.0,6,2
187,26,M,educator,56,44.0,12.0,16,8
188,42,M,student,112,70.0,42.0,15,6
189,32,M,artist,187,134.0,53.0,10,4
190,30,M,administrator,59,27.0,32.0,22,7
191,33,M,administrator,27,14.0,13.0,22,7
192,42,M,educator,35,21.0,14.0,16,8
193,29,M,student,121,56.0,65.0,15,6
194,38,M,administrator,305,91.0,214.0,10,4
195,42,M,scientist,96,41.0,55.0,23,7
196,49,M,writer,39,22.0,17.0,21,7
197,55,M,technician,118,54.0,64.0,10,4
198,21,F,student,181,73.0,108.0,2,1
199,30,M,writer,40,18.0,22.0,23,7
200,40,M,programmer,216,164.0,52.0,10,4
201,27,M,writer,386,138.0,248.0,13,5
202,41,F,educator,20,7.0,13.0,5,2
203,25,F,student,43,20.0,23.0,1,1
204,52,F,librarian,42,22.0,20.0,6,2
205,47,M,lawyer,22,7.0,15.0,21,7
206,14,F,student,64,14.0,50.0,1,1
207,39,M,marketing,230,82.0,148.0,12,5
208,43,M,engineer,33,23.0,10.0,19,7
209,33,F,educator,33,15.0,18.0,5,2
210,39,M,engineer,132,100.0,32.0,18,7
211,66,M,salesman,37,14.0,23.0,21,7
212,49,F,educator,25,18.0,7.0,5,2
213,33,M,executive,126,106.0,20.0,23,7
214,26,F,librarian,128,91.0,37.0,6,2
215,35,M,programmer,93,58.0,35.0,20,7
216,22,M,engineer,131,84.0,47.0,18,7
217,22,M,other,76,30.0,46.0,17,8
218,37,M,administrator,53,27.0,26.0,22,7
219,32,M,programmer,28,19.0,9.0,20,7
220,30,M,librarian,22,15.0,7.0,23,7
221,19,M,student,146,86.0,60.0,14,6
222,29,M,programmer,387,148.0,239.0,13,5
223,19,F,student,105,42.0,63.0,2,1
224,31,F,educator,141,49.0,92.0,5,2
225,51,F,administrator,27,25.0,2.0,4,2
226,28,M,student,50,34.0,16.0,15,6
227,46,M,executive,58,33.0,25.0,23,7
228,21,F,student,21,9.0,12.0,1,1
229,29,F,librarian,30,11.0,19.0,6,2
230,28,F,student,133,89.0,44.0,2,1
231,48,M,librarian,21,13.0,8.0,23,7
232,45,M,scientist,93,66.0,27.0,23,7
233,38,M,engineer,110,92.0,18.0,18,7
234,60,M,retired,480,158.0,322.0,13,5
235,37,M,educator,94,78.0,16.0,16,8
236,44,F,writer,124,63.0,61.0,6,2
237,49,M,administrator,48,42.0,6.0,22,7
238,42,F,administrator,29,10.0,19.0,4,2
239,39,M,artist,159,120.0,39.0,10,4
240,23,F,educator,24,14.0,10.0,5,2
241,26,F,student,23,11.0,12.0,1,1
242,33,M,educator,20,17.0,3.0,16,8
243,33,M,educator,81,47.0,34.0,16,8
244,28,M,technician,238,154.0,84.0,10,4
245,22,M,student,22,11.0,11.0,15,6
246,19,M,student,195,70.0,125.0,14,6
247,28,M,engineer,26,19.0,7.0,19,7
248,25,M,student,56,29.0,27.0,15,6
249,25,M,student,161,124.0,37.0,14,6
250,29,M,executive,122,88.0,34.0,23,7
251,28,M,doctor,77,47.0,30.0,23,7
252,42,M,engineer,21,19.0,2.0,19,7
253,26,F,librarian,97,69.0,28.0,6,2
254,44,M,educator,159,49.0,110.0,16,8
255,23,M,entertainment,83,22.0,61.0,23,7
256,35,F,none,207,150.0,57.0,8,3
257,17,M,student,57,42.0,15.0,15,6
258,19,F,student,23,14.0,9.0,1,1
259,21,M,student,46,33.0,13.0,15,6
260,40,F,artist,24,17.0,7.0,6,2
261,28,M,administrator,27,20.0,7.0,22,7
262,19,F,student,160,54.0,106.0,2,1
263,41,M,programmer,123,93.0,30.0,20,7
264,36,F,writer,120,95.0,25.0,6,2
265,26,M,executive,46,26.0,20.0,23,7
266,62,F,administrator,23,11.0,12.0,4,2
267,23,M,engineer,185,125.0,60.0,18,7
268,24,M,engineer,328,104.0,224.0,12,5
269,31,F,librarian,323,139.0,184.0,8,3
270,18,F,student,138,116.0,22.0,2,1
271,51,M,engineer,278,161.0,117.0,12,5
272,33,M,scientist,51,46.0,5.0,23,7
273,50,F,other,22,13.0,9.0,3,2
274,20,F,student,71,54.0,17.0,1,1
275,38,M,engineer,95,23.0,72.0,19,7
276,21,M,student,518,274.0,244.0,11,5
277,35,F,administrator,54,33.0,21.0,4,2
278,37,F,librarian,23,18.0,5.0,6,2
279,33,M,programmer,434,209.0,225.0,13,5
280,30,F,librarian,258,129.0,129.0,8,3
281,15,F,student,26,11.0,15.0,1,1
282,22,M,administrator,22,12.0,10.0,22,7
283,28,M,programmer,53,44.0,9.0,20,7
284,40,M,executive,47,23.0,24.0,23,7
285,25,M,programmer,32,24.0,8.0,20,7
286,27,M,student,288,181.0,107.0,11,5
287,21,M,salesman,62,49.0,13.0,23,7
288,34,M,marketing,75,55.0,20.0,23,7
289,11,M,none,27,9.0,18.0,23,7
290,40,M,engineer,150,65.0,85.0,18,7
291,19,M,student,296,195.0,101.0,11,5
292,35,F,programmer,124,101.0,23.0,6,2
293,24,M,writer,388,123.0,265.0,13,5
294,34,M,technician,150,72.0,78.0,10,4
295,31,M,educator,196,178.0,18.0,16,8
296,43,F,administrator,147,119.0,28.0,4,2
297,29,F,educator,192,93.0,99.0,5,2
298,44,M,executive,127,91.0,36.0,23,7
299,29,M,doctor,280,149.0,131.0,12,5
300,26,F,programmer,20,14.0,6.0,6,2
301,24,M,student,275,164.0,111.0,11,5
302,42,M,educator,21,3.0,18.0,16,8
303,19,M,student,484,251.0,233.0,11,5
304,22,F,student,26,11.0,15.0,1,1
305,23,M,programmer,222,104.0,118.0,10,4
306,45,M,other,32,21.0,11.0,17,8
307,25,M,student,112,69.0,43.0,15,6
308,60,M,retired,397,257.0,140.0,13,5
309,40,M,scientist,20,10.0,10.0,23,7
310,37,M,educator,21,14.0,7.0,16,8
311,32,M,technician,294,197.0,97.0,12,5
312,48,M,other,223,179.0,44.0,9,4
313,41,M,marketing,262,141.0,121.0,12,5
314,20,F,student,245,158.0,87.0,2,1
315,31,M,educator,87,66.0,21.0,16,8
316,43,F,other,75,42.0,33.0,3,2
317,22,M,administrator,22,13.0,9.0,22,7
318,65,M,retired,174,114.0,60.0,12,5
319,38,M,programmer,23,11.0,12.0,20,7
320,19,M,student,154,104.0,50.0,14,6
321,49,F,educator,125,76.0,49.0,5,2
322,20,M,student,51,41.0,10.0,15,6
323,21,M,student,89,50.0,39.0,15,6
324,21,F,student,66,57.0,9.0,1,1
325,48,M,technician,142,70.0,72.0,10,4
326,41,M,administrator,187,85.0,102.0,10,4
327,22,M,student,284,145.0,139.0,11,5
328,51,M,administrator,283,125.0,158.0,10,4
329,48,M,educator,65,32.0,33.0,16,8
330,35,F,educator,147,130.0,17.0,5,2
331,33,M,entertainment,70,40.0,30.0,23,7
332,20,M,student,183,141.0,42.0,14,6
333,47,M,other,26,19.0,7.0,17,8
334,32,M,librarian,333,189.0,144.0,12,5
335,45,M,executive,22,13.0,9.0,23,7
336,23,M,salesman,130,41.0,89.0,23,7
337,37,M,scientist,34,23.0,11.0,23,7
338,39,F,librarian,75,55.0,20.0,6,2
339,35,M,lawyer,254,187.0,67.0,12,5
340,46,M,engineer,44,36.0,8.0,19,7
341,17,F,student,21,13.0,8.0,1,1
342,25,F,other,201,100.0,101.0,8,3
343,43,M,engineer,237,176.0,61.0,12,5
344,30,F,librarian,190,112.0,78.0,8,3
345,28,F,librarian,232,130.0,102.0,8,3
346,34,M,other,193,87.0,106.0,9,4
347,18,M,student,199,117.0,82.0,14,6
348,24,F,student,58,43.0,15.0,1,1
349,68,M,retired,41,17.0,24.0,21,7
350,32,M,student,50,43.0,7.0,15,6
351,61,M,educator,44,35.0,9.0,16,8
352,37,F,programmer,42,27.0,15.0,6,2
353,25,M,scientist,25,14.0,11.0,23,7
354,29,F,librarian,233,141.0,92.0,8,3
355,25,M,student,26,24.0,2.0,15,6
356,32,F,homemaker,24,14.0,10.0,6,2
357,26,M,executive,76,56.0,20.0,23,7
358,40,M,educator,43,27.0,16.0,16,8
359,22,M,student,27,18.0,9.0,15,6
360,51,M,other,102,73.0,29.0,9,4
361,22,M,student,121,81.0,40.0,14,6
362,35,F,homemaker,25,13.0,12.0,6,2
363,20,M,student,311,126.0,185.0,11,5
364,63,M,engineer,20,11.0,9.0,19,7
365,29,M,lawyer,58,32.0,26.0,23,7
366,20,F,student,33,27.0,6.0,1,1
367,17,M,student,58,50.0,8.0,15,6
368,18,M,student,45,19.0,26.0,15,6
369,24,M,student,22,15.0,7.0,15,6
370,52,M,writer,75,47.0,28.0,21,7
371,36,M,engineer,51,40.0,11.0,19,7
372,25,F,student,66,59.0,7.0,1,1
373,24,F,other,233,147.0,86.0,8,3
374,36,M,executive,274,135.0,139.0,12,5
375,17,M,entertainment,28,18.0,10.0,23,7
376,28,F,other,30,18.0,12.0,3,2
377,22,M,student,33,21.0,12.0,15,6
378,35,M,student,375,176.0,199.0,11,5
379,44,M,programmer,196,148.0,48.0,10,4
380,32,M,engineer,162,68.0,94.0,18,7
381,33,M,artist,127,84.0,43.0,23,7
382,45,M,engineer,53,24.0,29.0,19,7
383,42,M,administrator,71,62.0,9.0,22,7
384,52,M,programmer,22,20.0,2.0,20,7
385,36,M,writer,281,132.0,149.0,12,5
386,36,M,salesman,23,12.0,11.0,23,7
387,33,M,entertainment,304,149.0,155.0,12,5
388,31,M,other,52,41.0,11.0,17,8
389,44,F,writer,271,162.0,109.0,8,3
390,42,F,writer,31,22.0,9.0,6,2
391,23,M,student,121,79.0,42.0,14,6
392,52,M,writer,111,86.0,25.0,10,4
393,19,M,student,448,198.0,250.0,11,5
394,25,M,administrator,149,101.0,48.0,22,7
395,43,M,other,57,35.0,22.0,17,8
396,57,M,engineer,54,26.0,28.0,19,7
397,17,M,student,102,69.0,33.0,14,6
398,40,M,other,172,100.0,72.0,9,4
399,25,M,other,319,57.0,262.0,9,4
400,33,F,administrator,22,13.0,9.0,4,2
401,46,F,healthcare,153,67.0,86.0,6,2
402,30,M,engineer,68,47.0,21.0,19,7
403,37,M,other,50,34.0,16.0,17,8
404,29,F,programmer,44,21.0,23.0,6,2
405,22,F,healthcare,737,116.0,621.0,7,3
406,52,M,educator,342,181.0,161.0,12,5
407,29,M,engineer,226,124.0,102.0,18,7
408,23,M,student,27,16.0,11.0,15,6
409,48,M,administrator,203,128.0,75.0,10,4
410,30,F,artist,28,9.0,19.0,6,2
411,34,M,educator,58,37.0,21.0,16,8
412,25,M,educator,51,40.0,11.0,16,8
413,55,M,educator,50,31.0,19.0,16,8
414,24,M,programmer,25,17.0,8.0,20,7
415,39,M,educator,24,20.0,4.0,16,8
416,20,F,student,493,322.0,171.0,7,3
417,27,F,other,365,141.0,224.0,8,3
418,55,F,none,20,7.0,13.0,6,2
419,37,M,lawyer,32,27.0,5.0,23,7
420,53,M,educator,36,26.0,10.0,16,8
421,38,F,programmer,62,43.0,19.0,6,2
422,26,M,entertainment,97,49.0,48.0,23,7
423,64,M,other,64,36.0,28.0,17,8
424,36,F,marketing,44,22.0,22.0,6,2
425,19,M,student,204,67.0,137.0,14,6
426,55,M,educator,101,71.0,30.0,16,8
427,51,M,doctor,31,28.0,3.0,21,7
428,28,M,student,55,44.0,11.0,15,6
429,27,M,student,414,186.0,228.0,11,5
430,38,M,scientist,65,39.0,26.0,23,7
431,24,M,marketing,21,9.0,12.0,23,7
432,22,M,entertainment,62,39.0,23.0,23,7
433,27,M,artist,41,20.0,21.0,23,7
434,16,F,student,44,26.0,18.0,1,1
435,24,M,engineer,379,166.0,213.0,12,5
436,30,F,administrator,145,92.0,53.0,4,2
437,27,F,other,263,152.0,111.0,8,3
438,51,F,administrator,33,28.0,5.0,4,2
439,23,F,administrator,31,18.0,13.0,4,2
440,30,M,other,51,39.0,12.0,17,8
441,50,M,technician,20,11.0,9.0,21,7
442,22,M,student,143,47.0,96.0,14,6
443,35,M,salesman,24,12.0,12.0,23,7
444,51,F,lawyer,24,16.0,8.0,6,2
445,21,M,writer,135,16.0,119.0,23,7
446,57,M,educator,36,7.0,29.0,16,8
447,30,M,administrator,139,80.0,59.0,22,7
448,23,M,entertainment,38,22.0,16.0,23,7
449,23,M,librarian,75,50.0,25.0,23,7
450,35,F,educator,540,378.0,162.0,7,3
451,16,M,student,98,38.0,60.0,15,6
452,35,M,administrator,206,110.0,96.0,10,4
453,18,M,student,156,73.0,83.0,14,6
454,57,M,other,236,79.0,157.0,9,4
455,48,M,administrator,189,95.0,94.0,10,4
456,24,M,technician,217,112.0,105.0,10,4
457,33,F,salesman,277,216.0,61.0,8,3
458,47,M,technician,183,130.0,53.0,10,4
459,22,M,student,118,58.0,60.0,14,6
460,44,F,other,68,32.0,36.0,3,2
461,15,M,student,23,8.0,15.0,15,6
462,19,F,student,33,24.0,9.0,1,1
463,48,F,healthcare,133,48.0,85.0,6,2
464,60,M,writer,53,42.0,11.0,21,7
465,32,M,other,80,38.0,42.0,17,8
466,22,M,student,101,50.0,51.0,15,6
467,29,M,engineer,44,28.0,16.0,19,7
468,28,M,engineer,143,103.0,40.0,18,7
469,60,M,educator,43,42.0,1.0,16,8
470,24,M,programmer,57,30.0,27.0,20,7
471,10,M,student,31,16.0,15.0,15,6
472,24,M,student,263,214.0,49.0,11,5
473,29,M,student,35,25.0,10.0,15,6
474,51,M,executive,327,257.0,70.0,13,5
475,30,M,programmer,20,13.0,7.0,20,7
476,28,M,student,83,43.0,40.0,15,6
477,23,F,student,35,35.0,0.0,1,1
478,29,M,other,113,58.0,55.0,17,8
479,30,M,educator,202,116.0,86.0,16,8
480,57,M,retired,60,44.0,16.0,21,7
481,73,M,retired,56,43.0,13.0,21,7
482,18,F,student,26,13.0,13.0,1,1
483,29,M,scientist,59,15.0,44.0,23,7
484,27,M,student,139,110.0,29.0,14,6
485,44,F,educator,26,8.0,18.0,5,2
486,39,M,educator,189,70.0,119.0,16,8
487,22,M,engineer,231,137.0,94.0,18,7
488,48,M,technician,154,80.0,74.0,10,4
489,55,M,other,109,66.0,43.0,9,4
490,29,F,artist,57,18.0,39.0,6,2
491,43,F,writer,33,22.0,11.0,6,2
492,57,M,educator,55,27.0,28.0,16,8
493,22,M,engineer,135,87.0,48.0,18,7
494,38,F,administrator,47,32.0,15.0,4,2
495,29,M,engineer,213,144.0,69.0,18,7
496,21,F,student,129,43.0,86.0,2,1
497,20,M,student,279,106.0,173.0,11,5
498,26,M,writer,149,59.0,90.0,23,7
499,42,M,programmer,102,70.0,32.0,20,7
500,28,M,administrator,225,111.0,114.0,10,4
501,22,M,student,73,50.0,23.0,15,6
502,22,M,student,37,14.0,23.0,15,6
503,50,F,writer,160,111.0,49.0,6,2
504,40,F,writer,251,157.0,94.0,8,3
505,27,F,other,112,52.0,60.0,3,2
506,46,M,programmer,242,155.0,87.0,10,4
507,18,F,writer,58,54.0,4.0,6,2
508,27,M,marketing,87,56.0,31.0,23,7
509,23,M,administrator,33,9.0,24.0,22,7
510,34,M,other,30,7.0,23.0,17,8
511,22,M,student,24,17.0,7.0,15,6
512,29,M,other,21,18.0,3.0,17,8
513,43,M,administrator,22,19.0,3.0,22,7
514,27,M,programmer,194,138.0,56.0,10,4
515,53,M,marketing,40,13.0,27.0,21,7
516,53,F,librarian,21,16.0,5.0,6,2
517,24,M,student,37,17.0,20.0,15,6
518,49,F,writer,73,38.0,35.0,6,2
519,22,M,other,49,37.0,12.0,17,8
520,62,M,healthcare,23,13.0,10.0,21,7
521,19,M,student,150,48.0,102.0,14,6
522,36,M,engineer,30,26.0,4.0,19,7
523,50,F,administrator,100,88.0,12.0,4,2
524,56,M,educator,306,172.0,134.0,12,5
525,27,F,administrator,54,23.0,31.0,4,2
526,30,M,marketing,68,27.0,41.0,23,7
527,33,M,librarian,137,91.0,46.0,23,7
528,18,M,student,53,33.0,20.0,15,6
529,47,F,administrator,43,31.0,12.0,4,2
530,29,M,engineer,45,33.0,12.0,19,7
531,30,F,salesman,30,17.0,13.0,6,2
532,20,M,student,274,208.0,66.0,11,5
533,43,M,librarian,260,145.0,115.0,12,5
534,20,M,student,80,65.0,15.0,15,6
535,45,F,educator,218,156.0,62.0,8,3
536,38,M,engineer,163,109.0,54.0,18,7
537,36,M,engineer,490,131.0,359.0,13,5
538,31,M,scientist,81,43.0,38.0,23,7
539,53,F,administrator,56,41.0,15.0,4,2
540,28,M,engineer,63,42.0,21.0,19,7
541,19,F,student,133,80.0,53.0,2,1
542,21,M,student,135,70.0,65.0,14,6
543,33,M,scientist,197,110.0,87.0,10,4
544,44,F,other,31,7.0,24.0,3,2
545,27,M,technician,162,80.0,82.0,10,4
546,36,M,executive,59,43.0,16.0,23,7
547,50,M,educator,23,15.0,8.0,16,8
548,51,M,writer,155,102.0,53.0,10,4
549,42,M,scientist,25,14.0,11.0,23,7
550,16,F,student,40,25.0,15.0,1,1
551,25,M,programmer,334,232.0,102.0,13,5
552,45,M,other,84,17.0,67.0,17,8
553,58,M,educator,100,79.0,21.0,16,8
554,32,M,scientist,114,62.0,52.0,23,7
555,29,F,educator,52,42.0,10.0,5,2
556,35,F,educator,44,35.0,9.0,5,2
557,30,F,writer,53,32.0,21.0,6,2
558,56,F,writer,20,17.0,3.0,6,2
559,69,M,executive,76,43.0,33.0,21,7
560,32,M,student,101,43.0,58.0,15,6
561,23,M,engineer,357,116.0,241.0,12,5
562,54,F,administrator,72,48.0,24.0,4,2
563,39,F,librarian,30,22.0,8.0,6,2
564,65,M,retired,34,17.0,17.0,21,7
565,40,M,student,35,33.0,2.0,15,6
566,20,M,student,149,83.0,66.0,14,6
567,24,M,entertainment,155,115.0,40.0,10,4
568,39,M,educator,81,44.0,37.0,16,8
569,34,M,educator,70,34.0,36.0,16,8
570,26,M,educator,22,6.0,16.0,16,8
571,34,M,artist,20,12.0,8.0,23,7
572,51,M,educator,20,10.0,10.0,16,8
573,68,M,retired,51,39.0,12.0,21,7
574,56,M,educator,46,26.0,20.0,16,8
575,33,M,marketing,26,11.0,15.0,23,7
576,48,M,executive,36,19.0,17.0,23,7
577,36,F,student,188,122.0,66.0,2,1
578,31,M,administrator,24,5.0,19.0,22,7
579,32,M,educator,74,34.0,40.0,16,8
580,16,M,student,47,23.0,24.0,15,6
581,37,M,other,28,19.0,9.0,17,8
582,17,M,student,62,27.0,35.0,15,6
583,44,M,engineer,27,26.0,1.0,19,7
584,25,M,student,24,15.0,9.0,15,6
585,69,M,librarian,80,48.0,32.0,23,7
586,20,M,student,166,65.0,101.0,14,6
587,26,M,other,98,33.0,65.0,17,8
588,18,F,student,225,140.0,85.0,2,1
589,21,M,lawyer,43,24.0,19.0,23,7
590,50,M,educator,48,25.0,23.0,16,8
591,57,F,librarian,84,49.0,35.0,6,2
592,18,M,student,360,257.0,103.0,11,5
593,31,F,educator,156,89.0,67.0,5,2
594,46,M,educator,25,12.0,13.0,16,8
595,25,M,programmer,96,40.0,56.0,20,7
596,20,M,artist,20,11.0,9.0,23,7
597,23,M,other,41,26.0,15.0,17,8
598,40,F,marketing,25,15.0,10.0,6,2
599,22,F,student,47,34.0,13.0,1,1
600,34,M,programmer,89,49.0,40.0,20,7
601,19,F,artist,148,74.0,74.0,8,3
602,47,F,other,29,19.0,10.0,3,2
603,21,M,programmer,47,33.0,14.0,20,7
604,39,M,educator,27,12.0,15.0,16,8
605,33,M,engineer,90,56.0,34.0,19,7
606,28,M,programmer,236,174.0,62.0,10,4
607,49,F,healthcare,37,27.0,10.0,6,2
608,22,M,other,163,107.0,56.0,9,4
609,13,F,student,28,9.0,19.0,1,1
610,22,M,student,75,48.0,27.0,15,6
611,46,M,librarian,42,27.0,15.0,23,7
612,36,M,educator,27,13.0,14.0,16,8
613,37,F,marketing,28,23.0,5.0,6,2
614,54,M,educator,39,14.0,25.0,16,8
615,38,M,educator,103,77.0,26.0,16,8
616,55,M,scientist,43,25.0,18.0,21,7
617,27,F,writer,108,36.0,72.0,6,2
618,15,F,student,216,91.0,125.0,2,1
619,17,M,student,89,49.0,40.0,15,6
620,18,F,writer,110,71.0,39.0,6,2
621,17,M,student,171,97.0,74.0,14,6
622,25,M,programmer,228,115.0,113.0,10,4
623,50,F,educator,45,29.0,16.0,5,2
624,19,M,student,141,77.0,64.0,14,6
625,27,M,programmer,106,47.0,59.0,20,7
626,23,M,scientist,32,9.0,23.0,23,7
627,24,M,engineer,181,79.0,102.0,18,7
628,13,M,none,27,25.0,2.0,23,7
629,46,F,other,121,88.0,33.0,3,2
630,26,F,healthcare,108,49.0,59.0,6,2
631,18,F,student,20,9.0,11.0,1,1
632,18,M,student,118,67.0,51.0,14,6
633,35,M,programmer,58,25.0,33.0,20,7
634,39,M,engineer,135,62.0,73.0,18,7
635,22,M,other,34,12.0,22.0,17,8
636,47,M,educator,20,16.0,4.0,16,8
637,30,M,other,104,22.0,82.0,17,8
638,45,M,engineer,67,35.0,32.0,19,7
639,42,F,librarian,148,51.0,97.0,6,2
640,20,M,student,109,90.0,19.0,14,6
641,24,M,student,40,32.0,8.0,15,6
642,18,F,student,318,181.0,137.0,2,1
643,39,M,scientist,206,129.0,77.0,10,4
644,51,M,retired,42,39.0,3.0,21,7
645,27,M,programmer,122,89.0,33.0,20,7
646,17,F,student,38,5.0,33.0,1,1
647,40,M,educator,58,42.0,16.0,16,8
648,43,M,engineer,297,137.0,160.0,12,5
649,20,M,student,24,16.0,8.0,15,6
650,42,M,engineer,311,96.0,215.0,12,5
651,65,M,retired,21,10.0,11.0,21,7
652,35,M,other,22,10.0,12.0,17,8
653,31,M,executive,283,74.0,209.0,12,5
654,27,F,student,147,98.0,49.0,2,1
655,50,F,healthcare,685,114.0,571.0,7,3
656,48,M,educator,24,4.0,20.0,16,8
657,26,F,none,29,15.0,14.0,6,2
658,33,M,programmer,71,44.0,27.0,20,7
659,31,M,educator,191,127.0,64.0,16,8
660,26,M,student,224,47.0,177.0,14,6
661,28,M,programmer,121,87.0,34.0,20,7
662,55,M,librarian,23,15.0,8.0,23,7
663,26,M,other,158,83.0,75.0,9,4
664,30,M,engineer,166,105.0,61.0,18,7
665,25,M,administrator,142,80.0,62.0,22,7
666,44,M,administrator,245,144.0,101.0,10,4
667,35,M,librarian,47,31.0,16.0,23,7
668,29,F,writer,46,26.0,20.0,6,2
669,37,M,other,100,47.0,53.0,17,8
670,30,M,technician,46,32.0,14.0,23,7
671,21,M,programmer,124,61.0,63.0,20,7
672,54,F,administrator,29,13.0,16.0,4,2
673,51,M,educator,35,25.0,10.0,16,8
674,13,F,student,41,23.0,18.0,1,1
675,34,M,other,34,23.0,11.0,17,8
676,30,M,programmer,77,53.0,24.0,20,7
677,20,M,other,49,33.0,16.0,17,8
678,50,M,educator,28,13.0,15.0,16,8
679,20,F,student,62,36.0,26.0,1,1
680,33,M,lawyer,38,29.0,9.0,23,7
681,44,F,marketing,22,11.0,11.0,6,2
682,23,M,programmer,399,147.0,252.0,13,5
683,42,M,librarian,75,28.0,47.0,23,7
684,28,M,student,86,45.0,41.0,15,6
685,32,F,librarian,20,0.0,20.0,6,2
686,32,M,educator,71,65.0,6.0,16,8
687,31,F,healthcare,21,11.0,10.0,6,2
688,37,F,administrator,24,23.0,1.0,4,2
689,25,M,other,36,23.0,13.0,17,8
690,35,M,salesman,115,46.0,69.0,23,7
691,34,M,educator,32,26.0,6.0,16,8
692,34,M,engineer,40,17.0,23.0,19,7
693,43,F,healthcare,154,59.0,95.0,6,2
694,60,M,programmer,157,135.0,22.0,10,4
695,26,M,writer,38,20.0,18.0,23,7
696,55,M,other,29,22.0,7.0,17,8
697,25,M,other,105,65.0,40.0,17,8
698,28,F,programmer,127,41.0,86.0,6,2
699,44,M,other,149,43.0,106.0,9,4
700,17,M,student,21,11.0,10.0,15,6
701,51,F,librarian,33,27.0,6.0,6,2
702,37,M,other,31,10.0,21.0,17,8
703,26,M,educator,47,27.0,20.0,16,8
704,51,F,librarian,90,53.0,37.0,6,2
705,21,F,student,114,65.0,49.0,2,1
706,23,M,student,29,16.0,13.0,15,6
707,56,F,librarian,236,119.0,117.0,8,3
708,26,F,homemaker,105,48.0,57.0,6,2
709,21,M,other,138,74.0,64.0,9,4
710,19,M,student,86,56.0,30.0,15,6
711,22,F,student,221,155.0,66.0,2,1
712,22,F,student,162,103.0,59.0,2,1
713,42,F,other,30,7.0,23.0,3,2
714,26,M,engineer,44,20.0,24.0,19,7
715,21,M,technician,167,85.0,82.0,10,4
716,36,F,administrator,269,181.0,88.0,8,3
717,24,M,technician,93,62.0,31.0,23,7
718,42,M,technician,39,25.0,14.0,21,7
719,37,F,other,67,27.0,40.0,3,2
720,49,F,administrator,30,23.0,7.0,4,2
721,24,F,entertainment,168,75.0,93.0,8,3
722,50,F,homemaker,42,25.0,17.0,6,2
723,26,M,executive,22,8.0,14.0,23,7
724,31,M,executive,85,19.0,66.0,23,7
725,21,M,student,25,18.0,7.0,15,6
726,25,F,administrator,24,8.0,16.0,4,2
727,25,M,student,322,106.0,216.0,11,5
728,58,M,executive,26,17.0,9.0,21,7
729,19,M,student,21,8.0,13.0,15,6
730,31,F,scientist,38,18.0,20.0,6,2
731,41,F,educator,83,44.0,39.0,5,2
732,28,F,other,20,12.0,8.0,3,2
733,44,F,other,107,36.0,71.0,3,2
734,25,F,other,64,44.0,20.0,3,2
735,29,F,healthcare,53,25.0,28.0,6,2
736,48,F,writer,24,11.0,13.0,6,2
737,30,M,programmer,33,25.0,8.0,20,7
738,35,M,technician,148,85.0,63.0,10,4
739,35,M,technician,35,24.0,11.0,23,7
740,25,F,educator,20,10.0,10.0,5,2
741,25,M,writer,104,51.0,53.0,23,7
742,35,M,student,26,14.0,12.0,15,6
743,31,M,programmer,35,20.0,15.0,20,7
744,35,M,marketing,27,17.0,10.0,23,7
745,42,M,writer,60,23.0,37.0,21,7
746,25,M,engineer,67,42.0,25.0,19,7
747,19,M,other,293,212.0,81.0,9,4
748,28,M,administrator,108,72.0,36.0,22,7
749,33,M,other,305,177.0,128.0,9,4
750,28,M,administrator,33,15.0,18.0,22,7
751,24,F,other,168,100.0,68.0,8,3
752,60,M,retired,73,34.0,39.0,21,7
753,56,M,salesman,57,36.0,21.0,21,7
754,59,F,librarian,34,15.0,19.0,6,2
755,44,F,educator,38,17.0,21.0,5,2
756,30,F,none,109,44.0,65.0,6,2
757,26,M,student,166,73.0,93.0,14,6
758,27,M,student,357,244.0,113.0,11,5
759,20,F,student,32,25.0,7.0,1,1
760,35,F,other,41,19.0,22.0,3,2
761,17,M,student,66,27.0,39.0,15,6
762,32,M,administrator,21,10.0,11.0,22,7
763,27,M,scientist,129,86.0,43.0,23,7
764,27,F,educator,109,68.0,41.0,5,2
765,31,M,student,23,18.0,5.0,15,6
766,42,M,other,175,67.0,108.0,9,4
767,70,M,engineer,37,36.0,1.0,19,7
768,29,M,administrator,64,29.0,35.0,22,7
769,39,M,executive,29,10.0,19.0,23,7
770,28,M,student,64,53.0,11.0,15,6
771,26,M,student,70,49.0,21.0,15,6
772,50,M,writer,33,26.0,7.0,21,7
773,20,M,student,161,74.0,87.0,14,6
774,30,M,student,224,29.0,195.0,14,6
775,46,M,executive,28,18.0,10.0,23,7
776,30,M,librarian,105,54.0,51.0,23,7
777,63,M,programmer,36,29.0,7.0,20,7
778,34,M,student,65,24.0,41.0,15,6
779,31,M,student,37,27.0,10.0,15,6
780,49,M,programmer,55,37.0,18.0,20,7
781,20,M,student,42,28.0,14.0,15,6
782,21,F,artist,232,49.0,183.0,8,3
783,30,M,marketing,30,22.0,8.0,23,7
784,47,M,administrator,39,27.0,12.0,22,7
785,32,M,engineer,27,17.0,10.0,19,7
786,36,F,engineer,117,95.0,22.0,6,2
787,18,F,student,57,20.0,37.0,1,1
788,51,M,administrator,249,97.0,152.0,10,4
789,29,M,other,33,17.0,16.0,17,8
790,27,M,technician,231,74.0,157.0,10,4
791,31,M,educator,25,16.0,9.0,16,8
792,40,M,programmer,47,16.0,31.0,20,7
793,22,M,student,55,27.0,28.0,15,6
794,32,M,educator,39,35.0,4.0,16,8
795,30,M,programmer,159,48.0,111.0,20,7
796,32,F,writer,358,194.0,164.0,8,3
797,44,F,other,26,5.0,21.0,3,2
798,40,F,writer,239,97.0,142.0,8,3
799,49,F,administrator,24,18.0,6.0,4,2
800,25,M,programmer,28,20.0,8.0,20,7
801,22,M,writer,26,19.0,7.0,23,7
802,35,M,administrator,75,40.0,35.0,22,7
803,70,M,administrator,33,15.0,18.0,22,7
804,39,M,educator,332,202.0,130.0,12,5
805,27,F,other,273,128.0,145.0,8,3
806,27,M,marketing,140,77.0,63.0,23,7
807,41,F,healthcare,204,148.0,56.0,8,3
808,45,M,salesman,23,18.0,5.0,21,7
809,50,F,marketing,20,10.0,10.0,6,2
810,55,F,other,26,23.0,3.0,3,2
811,40,F,educator,21,16.0,5.0,5,2
812,22,M,technician,20,12.0,8.0,23,7
813,14,F,student,29,10.0,19.0,1,1
814,30,M,other,35,8.0,27.0,17,8
815,32,M,other,183,112.0,71.0,9,4
816,34,M,other,25,20.0,5.0,17,8
817,19,M,student,36,18.0,18.0,15,6
818,28,M,librarian,21,13.0,8.0,23,7
819,59,M,administrator,28,24.0,4.0,22,7
820,22,M,student,21,7.0,14.0,15,6
821,37,M,engineer,62,50.0,12.0,19,7
822,29,F,librarian,25,10.0,15.0,6,2
823,27,M,artist,185,139.0,46.0,10,4
824,31,M,other,20,4.0,16.0,17,8
825,44,M,engineer,145,80.0,65.0,18,7
826,28,M,artist,115,72.0,43.0,23,7
827,23,F,engineer,28,8.0,20.0,6,2
828,28,M,librarian,104,39.0,65.0,23,7
829,48,M,writer,64,41.0,23.0,21,7
830,46,M,programmer,106,67.0,39.0,20,7
831,21,M,other,73,40.0,33.0,17,8
832,24,M,technician,25,5.0,20.0,23,7
833,34,M,writer,267,104.0,163.0,12,5
834,26,M,other,54,39.0,15.0,17,8
835,44,F,executive,102,80.0,22.0,6,2
836,44,M,artist,50,34.0,16.0,23,7
837,36,F,artist,46,19.0,27.0,6,2
838,23,M,student,93,80.0,13.0,15,6
839,38,F,entertainment,57,23.0,34.0,6,2
840,39,M,artist,197,152.0,45.0,10,4
841,45,M,doctor,31,23.0,8.0,21,7
842,40,M,writer,27,18.0,9.0,21,7
843,35,M,librarian,204,31.0,173.0,23,7
844,22,M,engineer,81,38.0,43.0,19,7
845,64,M,doctor,31,13.0,18.0,21,7
846,27,M,lawyer,405,260.0,145.0,13,5
847,29,M,student,146,54.0,92.0,15,6
848,46,M,engineer,150,116.0,34.0,18,7
849,15,F,student,23,23.0,0.0,1,1
850,34,M,technician,51,45.0,6.0,23,7
851,18,M,other,209,107.0,102.0,9,4
852,46,M,administrator,49,24.0,25.0,22,7
853,49,M,writer,41,14.0,27.0,21,7
854,29,F,student,217,93.0,124.0,2,1
855,53,M,librarian,23,10.0,13.0,23,7
856,43,F,marketing,26,13.0,13.0,6,2
857,35,F,administrator,22,10.0,12.0,4,2
858,63,M,educator,21,10.0,11.0,16,8
859,18,F,other,39,26.0,13.0,3,2
860,70,F,retired,71,28.0,43.0,6,2
861,38,F,student,43,33.0,10.0,1,1
862,25,M,executive,165,142.0,23.0,10,4
863,17,M,student,107,48.0,59.0,15,6
864,27,M,programmer,294,198.0,96.0,13,5
865,25,M,artist,66,18.0,48.0,23,7
866,45,M,other,20,6.0,14.0,17,8
867,24,M,scientist,95,73.0,22.0,23,7
868,21,M,programmer,208,75.0,133.0,10,4
869,30,M,student,47,17.0,30.0,15,6
870,22,M,student,269,146.0,123.0,11,5
871,31,M,executive,115,37.0,78.0,23,7
872,19,F,student,71,35.0,36.0,1,1
873,48,F,administrator,20,7.0,13.0,4,2
874,36,M,scientist,34,23.0,11.0,23,7
875,24,F,student,89,74.0,15.0,2,1
876,41,M,other,21,18.0,3.0,17,8
877,30,M,other,81,61.0,20.0,17,8
878,50,F,educator,134,64.0,70.0,5,2
879,33,F,administrator,29,20.0,9.0,4,2
880,13,M,student,368,185.0,183.0,11,5
881,39,M,marketing,259,122.0,137.0,12,5
882,35,M,engineer,137,102.0,35.0,18,7
883,49,M,librarian,268,174.0,94.0,12,5
884,44,M,engineer,43,28.0,15.0,19,7
885,30,F,other,102,45.0,57.0,3,2
886,20,M,student,240,122.0,118.0,11,5
887,14,F,student,171,128.0,43.0,2,1
888,41,M,scientist,20,19.0,1.0,23,7
889,24,M,technician,326,163.0,163.0,12,5
890,32,M,student,119,80.0,39.0,15,6
891,51,F,administrator,47,33.0,14.0,4,2
892,36,M,other,226,171.0,55.0,9,4
893,25,M,student,59,25.0,34.0,15,6
894,47,M,educator,245,144.0,101.0,12,5
895,31,F,librarian,20,12.0,8.0,6,2
896,28,M,writer,362,122.0,240.0,13,5
897,30,M,other,185,121.0,64.0,9,4
898,23,M,homemaker,30,16.0,14.0,23,7
899,32,M,other,135,81.0,54.0,17,8
900,60,M,retired,45,13.0,32.0,21,7
901,38,M,executive,124,84.0,40.0,23,7
902,45,F,artist,49,22.0,27.0,6,2
903,28,M,educator,136,95.0,41.0,16,8
904,17,F,student,47,31.0,16.0,1,1
905,27,M,other,40,16.0,24.0,17,8
906,45,M,librarian,41,28.0,13.0,23,7
907,25,F,other,147,137.0,10.0,8,3
908,44,F,librarian,74,40.0,34.0,6,2
909,50,F,educator,26,21.0,5.0,5,2
910,28,M,healthcare,60,28.0,32.0,23,7
911,37,F,writer,98,65.0,33.0,6,2
912,51,M,other,53,35.0,18.0,17,8
913,27,M,student,132,70.0,62.0,15,6
914,44,F,other,23,8.0,15.0,3,2
915,50,M,entertainment,26,9.0,17.0,21,7
916,27,M,engineer,317,138.0,179.0,12,5
917,22,F,student,35,20.0,15.0,1,1
918,40,M,scientist,103,53.0,50.0,23,7
919,25,M,other,217,110.0,107.0,9,4
920,30,F,artist,26,10.0,16.0,6,2
921,20,F,student,110,48.0,62.0,2,1
922,29,F,administrator,127,57.0,70.0,4,2
923,21,M,student,74,66.0,8.0,15,6
924,29,M,other,82,52.0,30.0,17,8
925,18,F,salesman,32,11.0,21.0,6,2
926,49,M,entertainment,20,7.0,13.0,21,7
927,23,M,programmer,120,77.0,43.0,20,7
928,21,M,student,32,28.0,4.0,15,6
929,44,M,scientist,49,30.0,19.0,23,7
930,28,F,scientist,63,22.0,41.0,6,2
931,60,M,educator,61,39.0,22.0,16,8
932,58,M,educator,241,184.0,57.0,12,5
933,28,M,student,184,50.0,134.0,14,6
934,61,M,engineer,174,120.0,54.0,12,5
935,42,M,doctor,39,32.0,7.0,21,7
936,24,M,other,142,93.0,49.0,9,4
937,48,M,educator,40,25.0,15.0,16,8
938,38,F,technician,108,47.0,61.0,6,2
939,26,F,student,49,39.0,10.0,1,1
940,32,M,administrator,107,57.0,50.0,22,7
941,20,M,student,22,18.0,4.0,15,6
942,48,F,librarian,79,66.0,13.0,6,2
943,22,M,student,168,96.0,72.0,14,6
